"","Sample_ID_LZ","LZ_Lane","Sample_ID_JZ","JZ_Lane","TubeID","Mom","Strain","O2","Sex","Group","Sex_Group","Placenta","Fetus","LS","C","Stage","Viable","FoodCon","F.Mass_GD1","F.Mass_GD18.5","F.Mass_Gain","Start_AvgLean","Hb","Lung","Lung_drymass","RV","LV_Sep","Lung_H20","HctAv","Gluc","resid_FoodCon","resid_F.Mass_GD1","resid_F.Mass_GD18.5","resid_F.Mass_Gain","resid_Lung","resid_Lung_drymass","resid_RV","resid_LV_Sep","resid_Lung_H20","scaled_FoodCon","scaled_F.Mass_GD1","scaled_F.Mass_GD18.5","scaled_F.Mass_Gain","scaled_Start_AvgLean","scaled_Hb","scaled_Lung","scaled_Lung_drymass","scaled_RV","scaled_LV_Sep","scaled_Lung_H20","scaled_HctAv","scaled_Gluc"
"1","LZ039","L001","JZ039","L002",39,"BW2","BW","1N","F","BW1N","BW1N_F",0.1211,0.3179,6,"N",23,"Y",NA,21.14,21.23,0.09,17.43,11.7,0.145,0.0303,0.0299,0.1143,0.1147,42.4008056,226,NA,0.296335366352902,-4.71153351129272,-5.00786887764556,-0.00403580529653749,-9.06569137411272e-05,0.00249742034264657,0.0118711279929012,-0.00303334741625335,NA,0.0504206514479081,-1.92658041417341,-2.47960638192686,-0.15147881403795,-0.646690321451042,-0.233968789866657,-0.0496983656551386,0.383977852711094,0.188533547154246,-0.247339711941594,-0.811774485273443,1.10569438900198
"2","LZ040","L001","JZ040","L002",40,"BW2","BW","1N","F","BW1N","BW1N_F",0.1278,0.3198,6,"N",23,"Y",NA,21.14,21.23,0.09,17.43,11.7,0.145,0.0303,0.0299,0.1143,0.1147,42.4008056,226,NA,0.296335366352971,-4.71153351129258,-5.00786887764556,-0.00403580529653761,-9.06569137410978e-05,0.00249742034264654,0.0118711279929002,-0.00303334741625355,NA,0.0504206514479081,-1.92658041417341,-2.47960638192686,-0.15147881403795,-0.646690321451042,-0.233968789866657,-0.0496983656551386,0.383977852711094,0.188533547154246,-0.247339711941594,-0.811774485273443,1.10569438900198
"3","LZ041","L001","JZ041","L002",41,"BW2","BW","1N","F","BW1N","BW1N_F",0.134,0.3266,6,"N",23,"Y",NA,21.14,21.23,0.09,17.43,11.7,0.145,0.0303,0.0299,0.1143,0.1147,42.4008056,226,NA,0.296335366352973,-4.71153351129259,-5.00786887764556,-0.00403580529653762,-9.06569137411008e-05,0.00249742034264654,0.0118711279929003,-0.00303334741625358,NA,0.0504206514479081,-1.92658041417341,-2.47960638192686,-0.15147881403795,-0.646690321451042,-0.233968789866657,-0.0496983656551386,0.383977852711094,0.188533547154246,-0.247339711941594,-0.811774485273443,1.10569438900198
"4","LZ047","L001","JZ047","L004",47,"BW16","BW","2H","F","BW2H","BW2H_F",0.1387,0.2165,7,"N",23,"Y",57.33,22.86,27.98,5.12,18.56666667,10.8,0.1393,0.0284,0.0309,0.0704,0.1109,42.71269643,209,-9.36190315191318,0.633535552160389,0.481664592808559,-0.151870959351833,-0.0138082502442108,-0.00289916676418571,0.00318305585796996,-0.000376187709787555,-0.000753463365630176,-0.925478565149731,1.18036880115998,0.695938929546383,-0.00270833782158609,0.802432092616397,-1.26258586569013,-0.518778635513199,-0.458881576215783,0.540863594370376,-0.301279899809589,-0.496529007045225,-0.734491026844391,0.628011933778763
"5","LZ048","L001","JZ048","L003",48,"BW16","BW","2H","F","BW2H","BW2H_F",0.1351,0.3413,7,"N",23,"Y",57.33,22.86,27.98,5.12,18.56666667,10.8,0.1393,0.0284,0.0309,0.0704,0.1109,42.71269643,209,-9.36190315191335,0.633535552160389,0.481664592808559,-0.151870959351833,-0.0138082502442108,-0.00289916676418571,0.00318305585796996,-0.000376187709787555,-0.000753463365630176,-0.925478565149731,1.18036880115998,0.695938929546383,-0.00270833782158609,0.802432092616397,-1.26258586569013,-0.518778635513199,-0.458881576215783,0.540863594370376,-0.301279899809589,-0.496529007045225,-0.734491026844391,0.628011933778763
"6","LZ049","L001","JZ049","L003",49,"BW16","BW","2H","M","BW2H","BW2H_M",0.1083,0.2501,7,"N",23,"Y",57.33,22.86,27.98,5.12,18.56666667,10.8,0.1393,0.0284,0.0309,0.0704,0.1109,42.71269643,209,-9.36190315191335,0.633535552160389,0.481664592808559,-0.151870959351833,-0.0138082502442108,-0.00289916676418571,0.00318305585796996,-0.000376187709787555,-0.000753463365630176,-0.925478565149731,1.18036880115998,0.695938929546383,-0.00270833782158609,0.802432092616397,-1.26258586569013,-0.518778635513199,-0.458881576215783,0.540863594370376,-0.301279899809589,-0.496529007045225,-0.734491026844391,0.628011933778763
"7","LZ051","L001","JZ051","L004",51,"BW3","BW","2H","F","BW2H","BW2H_F",0.1278,0.2846,3,"N",23,"Y",65.98,21.49,27.25,5.76,17.43666667,13,0.1585,0.0328,0.0224,0.0795,0.1257,46.49452314,106,0.79580244911656,0.638225099481782,1.29933568126029,0.661110581778503,0.00944030938397879,0.00240401458008861,-0.00500442343823872,-0.0227432256726079,-3.31948512843759e-05,0.0659886521152406,0.28035196098234,0.41231831904039,0.312443699599363,-0.145884025880691,0.242936575783196,0.440580844559369,0.488700595608868,-0.792665209733525,-0.199746816270389,0.473997721253128,0.202608173308944,-2.26618176551487
"8","LZ052","L001","JZ052","L004",52,"BW3","BW","2H","F","BW2H","BW2H_F",0.1696,0.3211,3,"N",23,"Y",65.98,21.49,27.25,5.76,17.43666667,13,0.1585,0.0328,0.0224,0.0795,0.1257,46.49452314,106,0.79580244911656,0.638225099481782,1.29933568126029,0.661110581778503,0.00944030938397879,0.00240401458008861,-0.00500442343823872,-0.0227432256726079,-3.31948512843759e-05,0.0659886521152406,0.28035196098234,0.41231831904039,0.312443699599363,-0.145884025880691,0.242936575783196,0.440580844559369,0.488700595608868,-0.792665209733525,-0.199746816270389,0.473997721253128,0.202608173308944,-2.26618176551487
"9","LZ063","L001","JZ063","L004",63,"BW15","BW","2H","M","BW2H","BW2H_M",0.1113,0.2289,4,"N",23,"Y",65.11,21.93,25.38,3.45,17.92333333,9.7,0.1809,0.0377,0.0296,0.0885,0.1432,39.75538373,257,-0.723533877535224,0.486175922020003,-1.23721291997455,-1.72338884199455,0.0300966819573754,0.00691503382947595,0.00206098062627901,-0.000191050216449604,0.00178710417605527,-0.0337311720489824,0.569408464397056,-0.314216669516057,-0.825058185466876,0.262535299794654,-2.01534708642679,1.5598335713107,1.54396255968632,0.336912130213309,-0.0993294809019486,1.62158000133564,-1.46728382204185,1.9767623955855
"10","LZ064","L001","JZ064","L004",64,"BW15","BW","2H","F","BW2H","BW2H_F",0.0901,0.2411,4,"N",23,"Y",65.11,21.93,25.38,3.45,17.92333333,9.7,0.1809,0.0377,0.0296,0.0885,0.1432,39.75538373,257,-0.723533877535224,0.486175922020003,-1.23721291997455,-1.72338884199455,0.0300966819573754,0.00691503382947595,0.00206098062627901,-0.000191050216449604,0.00178710417605527,-0.0337311720489824,0.569408464397056,-0.314216669516057,-0.825058185466876,0.262535299794654,-2.01534708642679,1.5598335713107,1.54396255968632,0.336912130213309,-0.0993294809019486,1.62158000133564,-1.46728382204185,1.9767623955855
"11","LZ070","L001","JZ070","L004",70,"BW12","BW","2H","F","BW2H","BW2H_F",0.1025,0.2832,3,"N",23,"Y",54.78,19.36,23.5,4.14,16.66666667,13.5,0.1541,0.0317,0.0223,0.0705,0.1224,48.88200412,240,-9.37682293779227,-0.555039545263815,-1.39605658590092,-0.841017040637109,0.00779906240495753,0.00191945673503659,-0.00489146685246941,-0.0531853665853263,0.000186738020129176,-1.21776080838969,-1.11894429418435,-1.04463687191505,-0.485284895122415,-0.792081734945079,0.585100767027133,0.220727630376071,0.251805052652705,-0.808353783899453,-0.300164151638829,0.257596491294711,0.794202312411977,1.49907994036228
"12","LZ071","L001","JZ071","L003",71,"BW12","BW","2H","M","BW2H","BW2H_M",0.1501,0.3475,3,"N",23,"Y",54.78,19.36,23.5,4.14,16.66666667,13.5,0.1541,0.0317,0.0223,0.0705,0.1224,48.88200412,240,-9.37682293779227,-0.555039545263815,-1.39605658590092,-0.841017040637109,0.00779906240495753,0.00191945673503659,-0.00489146685246941,-0.0531853665853263,0.000186738020129176,-1.21776080838969,-1.11894429418435,-1.04463687191505,-0.485284895122415,-0.792081734945079,0.585100767027133,0.220727630376071,0.251805052652705,-0.808353783899453,-0.300164151638829,0.257596491294711,0.794202312411977,1.49907994036228
"13","LZ087","L001","JZ087","L003",87,"BW21","BW","2H","M","BW2H","BW2H_M",0.1294,0.2736,4,"N",23,"Y",80.41,19.57,26.82,7.25,16.61666667,14.2,0.1887,0.0399,0.0264,0.0792,0.1488,49.82806217,204,16.3198896994214,-0.284212574143397,1.99242443571199,2.27663700985538,0.0425782022115146,0.0101594205113319,-0.000777638502744135,-0.0458777133978405,0.00034723843322816,1.71996228739079,-0.980985508463691,0.245254123810833,1.04615703672001,-0.834042625144065,1.06413063476865,1.94957336009018,2.01775364559864,-0.165122243096395,-0.20309406078267,1.98880633096204,1.02862612659928,0.487517094007227
"14","LZ088","L001","JZ088","L003",88,"BW21","BW","2H","F","BW2H","BW2H_F",0.1081,0.2909,4,"N",23,"Y",80.41,19.57,26.82,7.25,16.61666667,14.2,0.1887,0.0399,0.0264,0.0792,0.1488,49.82806217,204,16.3198896994214,-0.284212574143397,1.99242443571199,2.27663700985538,0.0425782022115146,0.0101594205113319,-0.000777638502744135,-0.0458777133978405,0.00034723843322816,1.71996228739079,-0.980985508463691,0.245254123810833,1.04615703672001,-0.834042625144065,1.06413063476865,1.94957336009018,2.01775364559864,-0.165122243096395,-0.20309406078267,1.98880633096204,1.02862612659928,0.487517094007227
"15","LZ089","L001","JZ089","L004",89,"BW22","BW","2H","M","BW2H","BW2H_M",0.1412,0.3053,3,"N",23,"Y",NA,21.38,26.9,5.52,18.27333333,15.2,0.158,0.0318,0.0268,0.0929,0.1262,52.71723013,156,NA,-0.489612875822909,-0.19658007126491,0.293032804557998,0.00594270331147593,0.000735287395408691,-0.00083581782179795,0.0139553774711497,0.00366674412272795,NA,0.208087835128661,0.276335834551215,0.194261685566507,0.556261531187559,1.74845901725652,0.415597524765812,0.273341011103265,-0.102367946432682,-0.0502365613884891,0.506785786398343,1.74453333019102,-0.861233367799512
"16","LZ092","L001","JZ092","L004",92,"BW32","BW","2H","F","BW2H","BW2H_F",0.0982,0.3494,6,"N",23,"Y",84.6,20.5,27.99,7.49,17.52666667,12.6,0.1692,0.0337,0.0319,0.0843,0.1355,47.71462382,197,19.2957197021319,-0.461263448534964,1.91606984235705,2.37733329089202,0.0198178577321761,0.00323207978275702,0.00447068553225578,-0.0154370014100824,0.00688686007210455,2.20022213020469,-0.370025171700769,0.69982414338893,1.16433905075287,-0.0703544235225158,-0.0307947772119543,0.975223888141476,0.68252422166391,0.697749336029658,-0.146190904073887,1.11664379809933,0.504937036847629,0.290824318327078
"17","LZ093","L001","JZ093","L003",93,"BW32","BW","2H","F","BW2H","BW2H_F",0.1101,0.365,6,"N",23,"Y",84.6,20.5,27.99,7.49,17.52666667,12.6,0.1692,0.0337,0.0319,0.0843,0.1355,47.71462382,197,19.2957197021319,-0.461263448534964,1.91606984235705,2.37733329089202,0.0198178577321761,0.00323207978275702,0.00447068553225578,-0.0154370014100824,0.00688686007210455,2.20022213020469,-0.370025171700769,0.69982414338893,1.16433905075287,-0.0703544235225158,-0.0307947772119543,0.975223888141476,0.68252422166391,0.697749336029658,-0.146190904073887,1.11664379809933,0.504937036847629,0.290824318327078
"18","LZ094","L001","JZ094","L004",94,"BW28","BW","2H","F","BW2H","BW2H_F",0.1255,0.3281,7,"N",23,"Y",72.92,21.05,28.96,7.91,17.51333333,15.2,0.1595,0.0331,0.033,0.0786,0.1264,53.07450481,162,7.63350974761722,0.104957085207413,2.9043314572513,2.79937437204389,0.0101656283711433,0.00264273679509761,0.0055743730940263,-0.0215082940790659,-0.000293176543488048,0.861454835678118,-0.00870454243237451,1.07668988611607,1.37115757531036,-0.081543999837033,1.74845901725652,0.490547484146482,0.553308470960548,0.87032365185487,-0.209788549807233,0.519901012456429,1.83306245712794,-0.692639560073669
"19","LZ095","L001","JZ095","L004",95,"BW28","BW","2H","M","BW2H","BW2H_M",0.1165,0.3488,7,"N",23,"Y",72.92,21.05,28.96,7.91,17.51333333,15.2,0.1595,0.0331,0.033,0.0786,0.1264,53.07450481,162,7.63350974761722,0.104957085207413,2.9043314572513,2.79937437204389,0.0101656283711433,0.00264273679509761,0.0055743730940263,-0.0215082940790659,-0.000293176543488048,0.861454835678118,-0.00870454243237451,1.07668988611607,1.37115757531036,-0.081543999837033,1.74845901725652,0.490547484146482,0.553308470960548,0.87032365185487,-0.209788549807233,0.519901012456429,1.83306245712794,-0.692639560073669
"20","LZ096","L001","JZ096","L004",96,"BW28","BW","2H","F","BW2H","BW2H_F",0.1339,0.3704,7,"N",23,"Y",72.92,21.05,28.96,7.91,17.51333333,15.2,0.1595,0.0331,0.033,0.0786,0.1264,53.07450481,162,7.63350974761722,0.104957085207413,2.9043314572513,2.79937437204389,0.0101656283711433,0.00264273679509761,0.0055743730940263,-0.0215082940790659,-0.000293176543488048,0.861454835678118,-0.00870454243237451,1.07668988611607,1.37115757531036,-0.081543999837033,1.74845901725652,0.490547484146482,0.553308470960548,0.87032365185487,-0.209788549807233,0.519901012456429,1.83306245712794,-0.692639560073669
"21","LZ097","L001","JZ097","L004",97,"BW28","BW","2H","M","BW2H","BW2H_M",NA,0.362,7,"N",23,"Y",72.92,21.05,28.96,7.91,17.51333333,15.2,0.1595,0.0331,0.033,0.0786,0.1264,53.07450481,162,7.63350974761722,0.104957085207413,2.9043314572513,2.79937437204389,0.0101656283711433,0.00264273679509761,0.0055743730940263,-0.0215082940790659,-0.000293176543488048,0.861454835678118,-0.00870454243237451,1.07668988611607,1.37115757531036,-0.081543999837033,1.74845901725652,0.490547484146482,0.553308470960548,0.87032365185487,-0.209788549807233,0.519901012456429,1.83306245712794,-0.692639560073669
"22","LZ098","L001","JZ098","L002",98,"BW26","BW","1N","M","BW1N","BW1N_M",0.1316,0.3289,4,"N",23,"Y",65.29,20.04,24.74,4.7,17.24666667,11,0.1387,0.0296,0.0315,0.0811,0.1091,42.18222177,209,0.359310470528671,-0.580632410260635,-0.950436436610659,-0.369804026350024,-0.00967895935110438,-0.000644123069989165,0.00414812429071734,-0.0264341435601619,-0.00639339013444495,-0.0130994842908666,-0.672220607088882,-0.562870355439119,-0.209526862379084,-0.30533540863684,-1.12572018919255,-0.548758619265468,-0.20045007480906,0.634995039365946,-0.181894845538221,-0.614566041567997,-0.86593739329824,0.628011933778763
"23","LZ099","L001","JZ099","L002",99,"BW26","BW","1N","M","BW1N","BW1N_M",0.1561,0.3642,4,"N",23,"Y",65.29,20.04,24.74,4.7,17.24666667,11,0.1387,0.0296,0.0315,0.0811,0.1091,42.18222177,209,0.359310470528671,-0.580632410260635,-0.950436436610659,-0.369804026350024,-0.00967895935110438,-0.000644123069989165,0.00414812429071734,-0.0264341435601619,-0.00639339013444495,-0.0130994842908666,-0.672220607088882,-0.562870355439119,-0.209526862379084,-0.30533540863684,-1.12572018919255,-0.548758619265468,-0.20045007480906,0.634995039365946,-0.181894845538221,-0.614566041567997,-0.86593739329824,0.628011933778763
"24","LZ101","L001","JZ101","L003",101,"BW34","BW","2H","M","BW2H","BW2H_M",0.0943,0.2342,4,"N",23,"Y",65.46,21.36,25.06,3.7,17.81333333,14.6,0.1762,NA,0.0393,0.081,NA,51.35290732,156,-0.226766075665063,0.0499952584849168,-1.40655467242615,-1.45654993091107,0.0257907895318009,NA,0.0117914029956746,-0.0107542132039808,NA,0.00638599859179611,0.194948903155265,-0.438543512477588,-0.701951920849317,0.170221341356885,1.3378619877638,1.32499036525127,NA,1.85870382430835,-0.183010593708982,NA,1.40646765134294,-0.861233367799512
"25","LZ103","L001","JZ103","L004",103,"BW36","BW","2H","M","BW2H","BW2H_M",0.1438,0.2386,4,"N",23,"Y",68.8,19.46,23.38,3.92,16.58,13.6,0.1354,0.0289,0.029,0.0895,0.1065,48.59772715,177,4.75881230449234,-0.349606124599957,-1.39735614387314,-1.04775001927318,-0.0105904285850676,-0.000811272716720597,0.0018325022879763,-0.0365987678198407,-0.00675343285263633,0.389218426992375,-1.05324963431737,-1.09125943802562,-0.593618407985866,-0.864813947420717,0.653533605275921,-0.713648529902941,-0.351201783962983,0.24278068521774,-0.0881719991943442,-0.785063980323113,0.723761294978628,-0.271155040759063
"26","LZ104","L001","JZ104","L002",104,"BW39","BW","1N","M","BW1N","BW1N_M",0.135,0.4493,3,"N",23,"YT",52.62,17.63,22.03,4.4,14.79333333,12.2,0.117,0.0234,0.0224,0.646,0.0936,43.34837078,146,-9.03732278795683,-0.00605568584197338,-0.300300967006477,-0.294245281164506,-0.0225891661521525,-0.00488323377443677,-0.00427336468091849,0.470148039320163,-0.00205376849556857,-1.46534106148707,-2.25546190988312,-1.61576330676958,-0.357254379920154,-2.36421642666188,-0.304526130207105,-1.63303469830582,-1.5356794987438,-0.792665209733525,6.12096657108753,-1.63099606106965,-0.576977219200097,-1.14222304734258
"27","LZ106","L001","JZ106","L002",106,"BW25","BW","1N","M","BW1N","BW1N_M",0.1166,0.3779,6,"N",23,"Y",58.25,19.89,25.79,5.9,16.98,11.9,0.1193,0.0231,0.0152,0.0773,0.0962,42.66233706,194,-6.32488879321736,-0.406221893563286,0.464795683223588,0.871017576786874,-0.0281235470375241,-0.00693098292708319,-0.0120781245098259,-0.0376599933197272,0.00150621319663512,-0.820027716608254,-0.770762596889352,-0.154922901971595,0.381383207785196,-0.529126825828825,-0.509824644953466,-1.51811142725546,-1.60028737409548,-1.92224254968036,-0.224293276027118,-1.46049812231453,-0.746969579926277,0.206527414464157
"28","LZ108","L001","JZ108","L002",108,"BW45","BW","1N","M","BW1N","BW1N_M",0.1387,0.3955,5,"N",23,"Y",61.4,19.59,25.24,5.65,16.56,12.5,0.1149,0.0227,0.0185,0.0809,0.0922,40.7011003,165,-2.61450264062217,-0.195275336151793,0.49003626477202,0.685311600923813,-0.0310187726624447,-0.00699528720620246,-0.0086619663721336,-0.0457557065448464,-0.00121381121375995,-0.458973180841242,-0.967846576490295,-0.368609663311727,0.258276943167638,-0.881598303500311,-0.0992276154607416,-1.73796464143876,-1.68643120789772,-1.40451960220473,-0.184126341879742,-1.72280264347625,-1.23294462321622,-0.608342656210748
"29","LZ109","L001","JZ109","L002",109,"BW45","BW","1N","M","BW1N","BW1N_M",0.0995,0.3942,5,"N",23,"Y",61.4,19.59,25.24,5.65,16.56,12.5,0.1149,0.0227,0.0185,0.0809,0.0922,40.7011003,165,-2.61450264062217,-0.195275336151793,0.49003626477202,0.685311600923813,-0.0310187726624447,-0.00699528720620246,-0.0086619663721336,-0.0457557065448464,-0.00121381121375995,-0.458973180841242,-0.967846576490295,-0.368609663311727,0.258276943167638,-0.881598303500311,-0.0992276154607416,-1.73796464143876,-1.68643120789772,-1.40451960220473,-0.184126341879742,-1.72280264347625,-1.23294462321622,-0.608342656210748
"30","LZ110","L001","JZ110","L002",110,"BW45","BW","1N","M","BW1N","BW1N_M",0.0983,0.3889,5,"N",23,"Y",61.4,19.59,25.24,5.65,16.56,12.5,0.1149,0.0227,0.0185,0.0809,0.0922,40.7011003,165,-2.61450264062217,-0.195275336151793,0.49003626477202,0.685311600923813,-0.0310187726624447,-0.00699528720620246,-0.0086619663721336,-0.0457557065448464,-0.00121381121375995,-0.458973180841242,-0.967846576490295,-0.368609663311727,0.258276943167638,-0.881598303500311,-0.0992276154607416,-1.73796464143876,-1.68643120789772,-1.40451960220473,-0.184126341879742,-1.72280264347625,-1.23294462321622,-0.608342656210748
"31","LZ111","L001","JZ111","L002",111,"BW43","BW","1N","M","BW1N","BW1N_M",0.1501,0.4309,5,"N",23,"Y",66.36,21.22,26.57,5.35,18.00666667,12.5,0.1313,0.0244,0.0217,0.0739,0.1069,46.17122164,158,0.415278384880233,-0.325202371290957,-0.161347965126868,0.163854406164086,-0.0198018844107717,-0.00645157246967809,-0.00586206662510691,-0.0124704720099463,0.00804629253041909,0.109544437382372,0.102976379341492,0.148123777747137,0.110549425626567,0.332470122387752,-0.0992276154607416,-0.918511752210103,-1.32031991423819,-0.902485228895022,-0.262228713832974,-0.758833528206942,0.122497263875346,-0.805035431890898
"32","LZ112","L001","JZ112","L002",112,"BW43","BW","1N","F","BW1N","BW1N_F",0.1369,0.3938,5,"N",23,"Y",66.36,21.22,26.57,5.35,18.00666667,12.5,0.1313,0.0244,0.0217,0.0739,0.1069,46.17122164,158,0.415278384880233,-0.325202371290957,-0.161347965126868,0.163854406164086,-0.0198018844107717,-0.00645157246967809,-0.00586206662510691,-0.0124704720099463,0.00804629253041909,0.109544437382372,0.102976379341492,0.148123777747137,0.110549425626567,0.332470122387752,-0.0992276154607416,-0.918511752210103,-1.32031991423819,-0.902485228895022,-0.262228713832974,-0.758833528206942,0.122497263875346,-0.805035431890898
"33","LZ114","L001","JZ114","L002",114,"BW38","BW","1N","M","BW1N","BW1N_M",0.1096,0.3512,5,"N",23,"Y",69.9,24.78,30.95,6.17,20.97,11.9,0.1552,0.0325,0.0232,0.089,0.1227,44.19437057,155,0.0014427571283917,-0.37021418897246,0.160010158513492,0.530224347485953,-0.00651890360077761,-0.000720092275450024,-0.00518162681790325,0.0851492823189041,-0.00207321315908068,0.515300963291967,2.44170627060601,1.84984744078309,0.514337973572159,2.81935221205028,-0.509824644953466,0.275690933921896,0.424092720257187,-0.667156616406099,-0.0937507400481464,0.27726933038184,-0.367346850774547,-0.889332335753819
"34","LZ116","L001","JZ116","L002",116,"BW38","BW","1N","M","BW1N","BW1N_M",0.1076,0.3884,5,"N",23,"Y",69.9,24.78,30.95,6.17,20.97,11.9,0.1552,0.0325,0.0232,0.089,0.1227,44.19437057,155,0.0014427571283917,-0.37021418897246,0.160010158513492,0.530224347485953,-0.00651890360077761,-0.000720092275450024,-0.00518162681790325,0.0851492823189041,-0.00207321315908068,0.515300963291967,2.44170627060601,1.84984744078309,0.514337973572159,2.81935221205028,-0.509824644953466,0.275690933921896,0.424092720257187,-0.667156616406099,-0.0937507400481464,0.27726933038184,-0.367346850774547,-0.889332335753819
"35","LZ117","L001","JZ117","L002",117,"BW25","BW","1N","M","BW1N","BW1N_M",0.1201,0.2605,6,"N",23,"Y",58.25,19.89,25.79,5.9,16.98,11.9,0.1193,0.0231,0.0152,0.0773,0.0962,42.66233706,194,-6.32488879321736,-0.406221893563286,0.464795683223588,0.871017576786874,-0.0281235470375241,-0.00693098292708319,-0.0120781245098259,-0.0376599933197272,0.00150621319663512,-0.820027716608254,-0.770762596889352,-0.154922901971595,0.381383207785196,-0.529126825828825,-0.509824644953466,-1.51811142725546,-1.60028737409548,-1.92224254968036,-0.224293276027118,-1.46049812231453,-0.746969579926277,0.206527414464157
"36","LZ121","L001","JZ121","L002",121,"BW38","BW","1N","M","BW1N","BW1N_M",0.1114,0.2942,5,"N",23,"Y",69.9,24.78,30.95,6.17,20.97,11.9,0.1552,0.0325,0.0232,0.089,0.1227,44.19437057,155,0.0014427571283917,-0.37021418897246,0.160010158513492,0.530224347485953,-0.00651890360077761,-0.000720092275450024,-0.00518162681790325,0.0851492823189041,-0.00207321315908068,0.515300963291967,2.44170627060601,1.84984744078309,0.514337973572159,2.81935221205028,-0.509824644953466,0.275690933921896,0.424092720257187,-0.667156616406099,-0.0937507400481464,0.27726933038184,-0.367346850774547,-0.889332335753819
"37","LZ122","L001","JZ122","L002",122,"BW41","BW","1N","F","BW1N","BW1N_F",0.0969,0.3464,5,"N",23,"Y",54.38,21.47,26.62,5.15,17.24,13.1,0.1593,0.0331,0.0386,0.0887,0.1262,44.85602857,201,-10.5417945067287,0.857477856610553,0.938694370836468,0.0812165142259121,0.0109449259683792,0.00286120543618113,0.0112499680716026,-0.0190197898946536,-0.000493176543488054,-1.26360900340773,0.267213029008944,0.167549846959876,0.012064413932521,-0.310930196794098,0.311369414031983,0.480554156229059,0.553308470960548,1.74888380514685,-0.0970979845604277,0.506785786398343,-0.203394552025497,0.403220190144306
"38","LZ123","L001","JZ123","L004",123,"BW41","BW","1N","F","BW1N","BW1N_F",0.1106,0.4015,5,"N",23,"Y",54.38,21.47,26.62,5.15,17.24,13.1,0.1593,0.0331,0.0386,0.0887,0.1262,44.85602857,201,-10.5417945067287,0.857477856610553,0.938694370836468,0.0812165142259121,0.0109449259683792,0.00286120543618113,0.0112499680716026,-0.0190197898946536,-0.000493176543488054,-1.26360900340773,0.267213029008944,0.167549846959876,0.012064413932521,-0.310930196794098,0.311369414031983,0.480554156229059,0.553308470960548,1.74888380514685,-0.0970979845604277,0.506785786398343,-0.203394552025497,0.403220190144306
"39","LZ124","L001","JZ124","L004",124,"BW41","BW","1N","F","BW1N","BW1N_F",0.128,0.3934,5,"N",23,"Y",54.38,21.47,26.62,5.15,17.24,13.1,0.1593,0.0331,0.0386,0.0887,0.1262,44.85602857,201,-10.5417945067287,0.857477856610553,0.938694370836468,0.0812165142259121,0.0109449259683792,0.00286120543618113,0.0112499680716026,-0.0190197898946536,-0.000493176543488054,-1.26360900340773,0.267213029008944,0.167549846959876,0.012064413932521,-0.310930196794098,0.311369414031983,0.480554156229059,0.553308470960548,1.74888380514685,-0.0970979845604277,0.506785786398343,-0.203394552025497,0.403220190144306
"40","LZ002","L001","JZ002","L004",2,"ME15","ME","1N","M","ME1N","ME1N_M",0.1104,0.3859,8,"N",23,"Y",64.28,30.7,37.31,6.61,22.71333333,11.6,0.2595,0.055,0.0296,0.1204,0.2045,NA,151,-12.6576715015578,1.93540644799329,-0.150497315802032,-2.08590376379519,0.0411489585423982,0.00765348042598247,0.00132030537121427,0.0168538249641505,0.0074587544262261,-0.431261210317039,1.5475491764141,0.801220458721018,-0.436057249863047,1.05452168662747,-1.68790675943975,2.19894614745915,1.97620587536167,0.413320693970208,1.737250932867,2.23978118890312,NA,0.153081274926909
"41","LZ003","L001","JZ003","L004",3,"ME15","ME","1N","F","ME1N","ME1N_F",0.1473,0.3812,8,"N",23,"Y",64.28,30.7,37.31,6.61,22.71333333,11.6,0.2595,0.055,0.0296,0.1204,0.2045,NA,151,-12.6576715015578,1.93540644799322,-0.150497315801981,-2.08590376379521,0.0411489585423979,0.00765348042598226,0.00132030537121424,0.016853824964151,0.0074587544262266,-0.431261210317039,1.5475491764141,0.801220458721018,-0.436057249863047,1.05452168662747,-1.68790675943975,2.19894614745915,1.97620587536167,0.413320693970208,1.737250932867,2.23978118890312,NA,0.153081274926909
"42","LZ006","L002","JZ006","L004",6,"ME22","ME","2H","F","ME2H","ME2H_F",0.1327,0.3727,8,"N",23,"Y",57.88,26.54,35.27,8.73,21.30333333,14.3,0.1946,0.0425,0.0398,0.0929,0.1521,51.9792577,137,-15.6891501340113,-0.451719945239705,0.269688706274035,0.721408651513732,-0.0115876544171022,-0.00200535939629055,0.0125085967630715,-0.00314119314758134,-0.00294880470556763,-0.788591538357681,0.127012135731742,0.327823459798823,0.420487296082627,0.33451343316236,0.244371195782384,-0.221395446656281,-0.114639523323003,1.94565034971437,0.0138195893281435,-0.249456774078342,0.409965938759471,-0.297527195883583
"43","LZ007","L002","JZ007","L004",7,"ME22","ME","2H","M","ME2H","ME2H_M",0.1438,0.3657,8,"N",23,"Y",57.88,26.54,35.27,8.73,21.30333333,14.3,0.1946,0.0425,0.0398,0.0929,0.1521,51.9792577,137,-15.6891501340113,-0.451719945239705,0.269688706274035,0.721408651513732,-0.0115876544171022,-0.00200535939629055,0.0125085967630715,-0.00314119314758134,-0.00294880470556763,-0.788591538357681,0.127012135731742,0.327823459798823,0.420487296082627,0.33451343316236,0.244371195782384,-0.221395446656281,-0.114639523323003,1.94565034971437,0.0138195893281435,-0.249456774078342,0.409965938759471,-0.297527195883583
"44","LZ009","L002","JZ009","L003",9,"ME24","ME","2H","F","ME2H","ME2H_F",0.1721,0.4033,8,"N",23,"Y",53.08,28.43,35.67,7.24,22.36666667,15.6,0.2374,0.0515,0.0274,0.0921,0.1859,53.88031336,123,-23.0294771387025,0.101290257823076,-1.18562889647447,-1.28691915429756,0.0220394839038287,0.00485201624820757,-0.000636710461465258,-0.00960097857870979,0.000616637869324277,-1.05658928438816,0.772400358541754,0.420646400763959,-0.18151806875655,0.877498384215285,1.17472724829675,1.37476202989442,1.39076916372996,0.0828182192018591,-0.0363165952111684,1.35619672112726,0.825820341377978,-0.748135666694074
"45","LZ010","L002","JZ010","L003",10,"ME24","ME","2H","F","ME2H","ME2H_F",0.1219,0.4348,8,"N",23,"Y",53.08,28.43,35.67,7.24,22.36666667,15.6,0.2374,0.0515,0.0274,0.0921,0.1859,53.88031336,123,-23.0294771387025,0.101290257823076,-1.18562889647447,-1.28691915429756,0.0220394839038287,0.00485201624820757,-0.000636710461465258,-0.00960097857870979,0.000616637869324277,-1.05658928438816,0.772400358541754,0.420646400763959,-0.18151806875655,0.877498384215285,1.17472724829675,1.37476202989442,1.39076916372996,0.0828182192018591,-0.0363165952111684,1.35619672112726,0.825820341377978,-0.748135666694074
"46","LZ013","L001","JZ013","L004",13,"ME5","ME","1N","M","ME1N","ME1N_M",0.1251,0.3587,7,"N",23,"Y",44.01,21.72,26.33,4.61,17.56666667,14.4,0.1632,0.035,0.0221,0.0786,0.1282,53.11341827,130,-20.6321703555657,-0.573395336161349,-2.15052754472636,-1.577132208565,-0.0107532410646822,-0.0019759491042105,-0.00257231423386604,0.00244789593454173,-0.00165334018464421,-1.56299335865826,-1.51889857005887,-1.74676927077197,-1.24411814226463,-1.57359354247446,0.315937045975797,-1.39240817477993,-1.36914676253381,-0.713392288194618,-0.882364709312061,-1.38481531062905,0.658062654828697,-0.522831431288828
"47","LZ015","L001","JZ015","L004",15,"ME5","ME","1N","M","ME1N","ME1N_M",0.1167,0.3365,7,"N",23,"Y",44.01,21.72,26.33,4.61,17.56666667,14.4,0.1632,0.035,0.0221,0.0786,0.1282,53.11341827,130,-20.6321703555657,-0.573395336161349,-2.15052754472636,-1.577132208565,-0.0107532410646822,-0.0019759491042105,-0.00257231423386604,0.00244789593454173,-0.00165334018464421,-1.56299335865826,-1.51889857005887,-1.74676927077197,-1.24411814226463,-1.57359354247446,0.315937045975797,-1.39240817477993,-1.36914676253381,-0.713392288194618,-0.882364709312061,-1.38481531062905,0.658062654828697,-0.522831431288828
"48","LZ021","L002","JZ021","L003",21,"ME10","ME","2H","F","ME2H","ME2H_F",0.1363,0.5411,8,"N",23,"Y",43.97,22.75,30.35,7.6,18.62333333,14.2,0.1885,0.0394,0.0196,0.0721,0.1491,49.59914207,139,-23.1965705134267,-0.872002735214341,0.0257869610000661,0.897789696214407,0.00543140747547925,0.00029485994860935,-0.00581294867651894,-0.00967640487768257,0.0044653206297474,-1.56522667320851,-1.16717906238992,-0.813898714072353,-0.0360671081242658,-1.03401289257275,0.172805345588971,-0.448885180463741,-0.633169182196802,-1.08896328224956,-1.28972120869397,-0.391970397913159,-0.11068244850375,-0.23315455719637
"49","LZ023","L002","JZ023","L003",23,"ME10","ME","2H","M","ME2H","ME2H_M",0.1199,0.5256,8,"N",23,"Y",43.97,22.75,30.35,7.6,18.62333333,14.2,0.1885,0.0394,0.0196,0.0721,0.1491,49.59914207,139,-23.1965705134267,-0.872002735214341,0.0257869610000661,0.897789696214407,0.00543140747547925,0.00029485994860935,-0.00581294867651894,-0.00967640487768257,0.0044653206297474,-1.56522667320851,-1.16717906238992,-0.813898714072353,-0.0360671081242658,-1.03401289257275,0.172805345588971,-0.448885180463741,-0.633169182196802,-1.08896328224956,-1.28972120869397,-0.391970397913159,-0.11068244850375,-0.23315455719637
"50","LZ025","L001","JZ025","L004",25,"ME16","ME","1N","M","ME1N","ME1N_M",0.1053,0.3427,4,"N",23,"Y",45.56,21.38,24.64,3.26,16.88,13.8,0.1552,0.0337,0.0172,0.0712,0.1215,49.72765139,152,-17.4417084050147,-0.0500100766651516,-2.6424227622019,-2.59241268553675,-0.0128297003022558,-0.0018923108076314,-0.00699101866008144,-0.00129719561040362,-0.00398612633435082,-1.47645241983592,-1.63500015511464,-2.13894619634967,-1.78955924463569,-1.92423586146695,-0.113458055184678,-1.69075536665856,-1.58659468399701,-1.4495114365423,-1.3461244163007,-1.70309573719347,-0.082571137707353,0.185267594270516
"51","LZ026","L001","JZ026","L004",26,"ME16","ME","1N","M","ME1N","ME1N_M",0.1174,0.3485,4,"N",23,"Y",45.56,21.38,24.64,3.26,16.88,13.8,0.1552,0.0337,0.0172,0.0712,0.1215,49.72765139,152,-17.4417084050147,-0.0500100766651516,-2.6424227622019,-2.59241268553675,-0.0128297003022558,-0.0018923108076314,-0.00699101866008144,-0.00129719561040362,-0.00398612633435082,-1.47645241983592,-1.63500015511464,-2.13894619634967,-1.78955924463569,-1.92423586146695,-0.113458055184678,-1.69075536665856,-1.58659468399701,-1.4495114365423,-1.3461244163007,-1.70309573719347,-0.082571137707353,0.185267594270516
"52","LZ030","L001","JZ030","L003",30,"ME23","ME","1N","M","ME1N","ME1N_M",0.1163,0.5505,10,"L",23,"Y",99.57,25.1,38.51,13.41,20.36,13.1,0.1888,0.0415,0.0297,0.1012,0.1473,45.20630237,171,28.2544941772111,-0.705613021026441,5.15562875778071,5.86124177880715,-0.00924997470008538,-0.00110453592712829,0.00306979407490913,0.010179870367489,-0.0043894094361112,1.53908055164456,-0.364712224504457,1.07968928161643,2.31134978430232,-0.147194214616881,-0.614419006538567,-0.437697160768292,-0.281907155217777,0.428343533732406,0.533982503923507,-0.47747857221405,-1.07161261361125,0.79680766179904
"53","LZ032","L001","JZ032","L004",32,"ME23","ME","1N","M","ME1N","ME1N_M",0.1116,0.4647,10,"L",23,"Y",99.57,25.1,38.51,13.41,20.36,13.1,0.1888,0.0415,0.0297,0.1012,0.1473,45.20630237,171,28.2544941772111,-0.705613021026441,5.15562875778071,5.86124177880715,-0.00924997470008538,-0.00110453592712829,0.00306979407490913,0.010179870367489,-0.0043894094361112,1.53908055164456,-0.364712224504457,1.07968928161643,2.31134978430232,-0.147194214616881,-0.614419006538567,-0.437697160768292,-0.281907155217777,0.428343533732406,0.533982503923507,-0.47747857221405,-1.07161261361125,0.79680766179904
"54","LZ060","L002","JZ060","L003",60,"ME30","ME","1N","M","ME1N","ME1N_M",0.1233,0.3306,6,"N",23,"Y",79.03,22.9,28.6,5.7,19.2,14.4,0.1979,0.0412,0.018,0.096,0.1567,51.53256116,202,10.4857599831359,-1.44707870623935,-2.73038841554682,-1.28330970930748,0.00985678343252448,0.000932872446037338,-0.00781714350342106,0.0111541817081915,0.00601840914472576,0.392273530089129,-1.11595777486532,-1.21999908079482,-0.803724955905766,-0.73954143023357,0.315937045975797,-0.0983272300063439,-0.332087444786209,-1.32932871844472,0.208097304417978,-0.0309358841982898,0.312251428499707,1.79458356145084
"55","LZ061","L002","JZ061","L003",61,"ME30","ME","1N","M","ME1N","ME1N_M",0.1104,0.363,6,"N",23,"Y",79.03,22.9,28.6,5.7,19.2,14.4,0.1979,0.0412,0.018,0.096,0.1567,51.53256116,202,10.4857599831359,-1.44707870623935,-2.73038841554682,-1.28330970930748,0.00985678343252448,0.000932872446037338,-0.00781714350342106,0.0111541817081915,0.00601840914472576,0.392273530089129,-1.11595777486532,-1.21999908079482,-0.803724955905766,-0.73954143023357,0.315937045975797,-0.0983272300063439,-0.332087444786209,-1.32932871844472,0.208097304417978,-0.0309358841982898,0.312251428499707,1.79458356145084
"56","LZ066","L002","JZ066","L004",66,"ME11","ME","2H","M","ME2H","ME2H_M",0.1303,0.2814,8,"N",23,"Y",73.01,29.25,36.77,7.52,19.615,13.5,0.2256,0.049,0.0291,0.1067,0.1766,47.93434603,118,3.47431575084384,4.38111806907389,4.71551428008329,0.334396211009394,0.033976779445427,0.00789664445046515,0.00299197640606776,0.0196452685992333,-0.0002848739570346,0.0561596902759002,1.05241006367626,0.675909488418084,-0.068389543820329,-0.527624107405186,-0.328155605764916,0.934699921873434,0.972600083993026,0.33820649515922,0.878668772631279,0.914404487239328,-0.474855248523637,-0.909067263412107
"57","LZ068","L002","JZ068","L004",68,"ME11","ME","2H","M","ME2H","ME2H_M",0.1572,0.3556,8,"N",23,"Y",73.01,29.25,36.77,7.52,19.615,13.5,0.2256,0.049,0.0291,0.1067,0.1766,47.93434603,118,3.47431575084384,4.38111806907389,4.71551428008329,0.334396211009394,0.033976779445427,0.00789664445046515,0.00299197640606776,0.0196452685992333,-0.0002848739570346,0.0561596902759002,1.05241006367626,0.675909488418084,-0.068389543820329,-0.527624107405186,-0.328155605764916,0.934699921873434,0.972600083993026,0.33820649515922,0.878668772631279,0.914404487239328,-0.474855248523637,-0.909067263412107
"58","LZ072","L002","JZ072","L004",72,"ME39","ME","1N","F","ME1N","ME1N_F",0.0957,0.2852,7,"N",23,"Y",76.1,21.83,29.18,7.35,17.98,11.3,0.1863,0.0379,0.0374,0.0699,0.1484,43.92070094,216,10.4703671238498,-0.983102961377057,-0.0217168219775137,0.961386139399544,0.00878113250302793,9.11812522977442e-05,0.0124379738710937,-0.00845214601969043,0.00880441353393206,0.228683239283022,-1.48133629254083,-1.08540581639538,-0.137074719674463,-1.36252729493388,-1.90260431001999,-0.530930658230366,-0.884070630038962,1.58510219542163,-1.42759571617708,-0.425223576807949,-1.35283689648057,2.24519203226133
"59","LZ074","L002","JZ074","L004",74,"ME39","ME","1N","F","ME1N","ME1N_F",0.1006,0.3121,7,"N",23,"Y",76.1,21.83,29.18,7.35,17.98,11.3,0.1863,0.0379,0.0374,0.0699,0.1484,43.92070094,216,10.4703671238498,-0.983102961377057,-0.0217168219775137,0.961386139399544,0.00878113250302793,9.11812522977442e-05,0.0124379738710937,-0.00845214601969043,0.00880441353393206,0.228683239283022,-1.48133629254083,-1.08540581639538,-0.137074719674463,-1.36252729493388,-1.90260431001999,-0.530930658230366,-0.884070630038962,1.58510219542163,-1.42759571617708,-0.425223576807949,-1.35283689648057,2.24519203226133
"60","LZ075","L002","JZ075","L004",75,"ME43","ME","2H","M","ME2H","ME2H_M",0.1496,0.4364,10,"L",23,"Y",100.92,25.1,37.45,12.35,21.49333333,14.9,0.2347,0.0491,0.0239,0.0901,0.1856,44.62179042,162,26.8969356391562,-2.13061780714448,2.11817427776734,4.24879208491182,0.0268733076129014,0.00421178923224266,-0.00352457725427096,-0.00695250276373086,0.00837918651601975,1.61445491771564,-0.364712224504457,0.833708488058816,1.88307751132948,0.431535821927161,0.673766296942859,1.27406985263538,0.989326847182503,-0.44298117247506,-0.161657056559449,1.34194535874378,-1.19947413439946,0.507130787706581
"61","LZ078","L002","JZ078","L004",78,"ME43","ME","2H","F","ME2H","ME2H_F",0.1378,0.399,10,"L",23,"Y",100.92,25.1,37.45,12.35,21.49333333,14.9,0.2347,0.0491,0.0239,0.0901,0.1856,44.62179042,162,26.8969356391562,-2.13061780714448,2.11817427776734,4.24879208491182,0.0268733076129014,0.00421178923224266,-0.00352457725427096,-0.00695250276373086,0.00837918651601975,1.61445491771564,-0.364712224504457,0.833708488058816,1.88307751132948,0.431535821927161,0.673766296942859,1.27406985263538,0.989326847182503,-0.44298117247506,-0.161657056559449,1.34194535874378,-1.19947413439946,0.507130787706581
"62","LZ081","L002","JZ081","L003",81,"ME40","ME","1N","F","ME1N","ME1N_F",0.1075,0.2762,7,"N",23,"Y",77.32,26.09,33.21,7.12,22.21333333,13.2,0.1785,0.0366,0.0256,0.0855,0.1419,43.85521943,137,1.57683962168563,-2.04591496804682,-3.37809092499488,-1.33217595694806,-0.035537783641822,-0.00973901596489463,-0.00232923668841084,-0.0153848339407186,0.00667162738422546,0.29679933306577,-0.0266517268420705,-0.150214686171629,-0.230001722300645,0.799199610930624,-0.542853156345154,-0.821819170312037,-1.10151855150217,-0.187592896517699,-0.449940117660493,-0.734003095116719,-1.36716092433339,-0.297527195883583
"63","LZ082","L002","JZ082","L004",82,"ME40","ME","1N","M","ME1N","ME1N_M",0.104,0.3149,7,"N",23,"Y",77.32,26.09,33.21,7.12,22.21333333,13.2,0.1785,0.0366,0.0256,0.0855,0.1419,43.85521943,137,1.57683962168563,-2.04591496804682,-3.37809092499488,-1.33217595694806,-0.035537783641822,-0.00973901596489463,-0.00232923668841084,-0.0153848339407186,0.00667162738422546,0.29679933306577,-0.0266517268420705,-0.150214686171629,-0.230001722300645,0.799199610930624,-0.542853156345154,-0.821819170312037,-1.10151855150217,-0.187592896517699,-0.449940117660493,-0.734003095116719,-1.36716092433339,-0.297527195883583
"64","LZ129","L002","JZ129","L004",129,"ME203","ME","2H","F","ME2H","ME2H_F",0.1396,0.2981,9,"L",23,"Y",79.21,29.77,40.38,10.61,23.02666667,15.2,0.2232,0.0499,0.0221,0.1103,0.1733,55.67406505,116,1.5237681786162,0.611434526995934,2.37279466766016,1.76136014066421,0.00214598358699898,0.00192211148416505,-0.00639931494276015,0.00508605117571811,-0.0066083296995454,0.402323445565272,1.22997719376155,1.51363653062844,1.18006453494011,1.21452352413512,0.888463847523096,0.845195764309844,1.12314095269832,-0.713392288194618,1.10428160305818,0.75763950102103,1.21820208652419,-0.97343990209932
"65","LZ130","L002","JZ130","L004",130,"ME203","ME","2H","M","ME2H","ME2H_M",0.1429,0.3373,9,"L",23,"Y",79.21,29.77,40.38,10.61,23.02666667,15.2,0.2232,0.0499,0.0221,0.1103,0.1733,55.67406505,116,1.5237681786162,0.611434526995934,2.37279466766016,1.76136014066421,0.00214598358699898,0.00192211148416505,-0.00639931494276015,0.00508605117571811,-0.0066083296995454,0.402323445565272,1.22997719376155,1.51363653062844,1.18006453494011,1.21452352413512,0.888463847523096,0.845195764309844,1.12314095269832,-0.713392288194618,1.10428160305818,0.75763950102103,1.21820208652419,-0.97343990209932
"66","LZ131","L002","JZ131","L004",131,"ME203","ME","2H","M","ME2H","ME2H_M",0.1421,0.343,9,"L",23,"Y",79.21,29.77,40.38,10.61,23.02666667,15.2,0.2232,0.0499,0.0221,0.1103,0.1733,55.67406505,116,1.5237681786162,0.611434526995934,2.37279466766016,1.76136014066421,0.00214598358699898,0.00192211148416505,-0.00639931494276015,0.00508605117571811,-0.0066083296995454,0.402323445565272,1.22997719376155,1.51363653062844,1.18006453494011,1.21452352413512,0.888463847523096,0.845195764309844,1.12314095269832,-0.713392288194618,1.10428160305818,0.75763950102103,1.21820208652419,-0.97343990209932
"67","LZ132","L002","JZ132","L004",132,"ME203","ME","2H","F","ME2H","ME2H_F",0.1601,0.3562,9,"L",23,"Y",79.21,29.77,40.38,10.61,23.02666667,15.2,0.2232,0.0499,0.0221,0.1103,0.1733,55.67406505,116,1.5237681786162,0.611434526995934,2.37279466766016,1.76136014066421,0.00214598358699898,0.00192211148416505,-0.00639931494276015,0.00508605117571811,-0.0066083296995454,0.402323445565272,1.22997719376155,1.51363653062844,1.18006453494011,1.21452352413512,0.888463847523096,0.845195764309844,1.12314095269832,-0.713392288194618,1.10428160305818,0.75763950102103,1.21820208652419,-0.97343990209932
"68","LZ134","L002","JZ134","L004",134,"ME202","ME","1N","F","ME1N","ME1N_F",0.1686,0.4395,6,"N",23,"Y",97,23.9,30.06,6.16,18.97,12.3,0.1591,0.0349,0.0186,0.0692,0.1242,46.33241981,173,29.0052350998278,-0.157886557617767,-0.869081475775561,-0.711194918157794,-0.0269591179722167,-0.00490367589376603,-0.0070559328508486,-0.0144216013880486,-0.00531740065769856,1.39559009179074,-0.774482524701291,-0.881195346272078,-0.617870950653402,-0.85698958505412,-1.18694580808587,-1.54531111061773,-1.38587352572328,-1.23919167987154,-1.47146487764898,-1.57483347574214,-0.825275325785879,0.861180300486253
"69","LZ135","L002","JZ135","L003",135,"ME202","ME","1N","M","ME1N","ME1N_M",0.1495,0.4647,6,"N",23,"Y",97,23.9,30.06,6.16,18.97,12.3,0.1591,0.0349,0.0186,0.0692,0.1242,46.33241981,173,29.0052350998278,-0.157886557617767,-0.869081475775561,-0.711194918157794,-0.0269591179722167,-0.00490367589376603,-0.0070559328508486,-0.0144216013880486,-0.00531740065769856,1.39559009179074,-0.774482524701291,-0.881195346272078,-0.617870950653402,-0.85698958505412,-1.18694580808587,-1.54531111061773,-1.38587352572328,-1.23919167987154,-1.47146487764898,-1.57483347574214,-0.825275325785879,0.861180300486253
"70","LZ138","L002","JZ138","L004",138,"ME208","ME","1N","M","ME1N","ME1N_M",0.1174,0.3562,8,"N",23,"Y",91.15,28.2,35.3,7.1,23.58,14.4,0.1994,0.0411,0.0268,0.1162,0.1583,50.06000845,146,12.1418425435236,-1.65430310172856,-3.67266839901699,-2.01836529728843,-0.0264273550337093,-0.00799285916988117,-0.00208715506110534,0.00804083371484947,0.00795434867167141,1.0689678388161,0.693861051004028,0.334785180371207,-0.238082331224661,1.49707995287082,0.315937045975797,-0.0423871315290996,-0.348814207975687,-0.00731881937132699,1.47403596403561,0.0450713818469454,-0.00986829709597249,-0.00785032179112372
"71","LZ142","L002","JZ142","L004",142,"ME208","ME","1N","F","ME1N","ME1N_F",0.1131,0.3063,8,"N",23,"Y",91.15,28.2,35.3,7.1,23.58,14.4,0.1994,0.0411,0.0268,0.1162,0.1583,50.06000845,146,12.1418425435236,-1.65430310172856,-3.67266839901699,-2.01836529728843,-0.0264273550337093,-0.00799285916988117,-0.00208715506110534,0.00804083371484947,0.00795434867167141,1.0689678388161,0.693861051004028,0.334785180371207,-0.238082331224661,1.49707995287082,0.315937045975797,-0.0423871315290996,-0.348814207975687,-0.00731881937132699,1.47403596403561,0.0450713818469454,-0.00986829709597249,-0.00785032179112372
"72","LZ146","L002","JZ146","L004",146,"ME232","ME","1N","F","ME1N","ME1N_F",0.1137,0.3131,6,"N",23,"Y",58.17,28.07,33.1,5.03,21.75666667,11.6,0.2032,0.0446,0.032,0.096,0.1586,43.86685138,200,-16.4821735683455,0.508278130254222,-2.69129309968982,-3.19957122994405,-0.00689834156091956,-0.000818829348662228,0.00439084822579214,-0.00245414244265075,-0.0035035347714262,-0.772400007868339,0.649469268482704,-0.175740994937042,-1.07442535486029,0.56600545186513,-1.68790675943975,0.0993277846132525,0.236622503656022,0.773868848262952,0.208097304417978,0.0593227442304268,-1.36461644458968,1.73021092276363
"73","LZ147","L002","JZ147","L004",147,"ME232","ME","1N","M","ME1N","ME1N_M",NA,0.3641,6,"N",23,"Y",58.17,28.07,33.1,5.03,21.75666667,11.6,0.2032,0.0446,0.032,0.096,0.1586,43.86685138,200,-16.4821735683455,0.508278130254222,-2.69129309968982,-3.19957122994405,-0.00689834156091956,-0.000818829348662228,0.00439084822579214,-0.00245414244265075,-0.0035035347714262,-0.772400007868339,0.649469268482704,-0.175740994937042,-1.07442535486029,0.56600545186513,-1.68790675943975,0.0993277846132525,0.236622503656022,0.773868848262952,0.208097304417978,0.0593227442304268,-1.36461644458968,1.73021092276363
"74","LZ166","L002","JZ166","L004",166,"ME243","ME","2H","F","ME2H","ME2H_F",0.1116,0.3568,8,"N",23,"Y",88.18,25.5,34.48,8.98,20.19,16.5,0.1991,0.0416,NA,NA,0.1575,56.2339362,108,17.2706279591139,-0.0918623024800601,1.42224693065512,1.51410923313518,0.00251653295727984,-0.00066198470002644,NA,NA,0.00547465103694319,0.903144233459735,-0.228122124438847,0.144498151392677,0.521494907632824,-0.234003720353809,1.81881990003746,-0.0535751512245482,-0.2651803920283,NA,NA,0.00706774882432779,1.34067345205306,-1.23093045684817
"75","LZ167","L002","JZ167","L004",167,"ME243","ME","2H","M","ME2H","ME2H_M",0.1551,0.3891,8,"N",23,"Y",88.18,25.5,34.48,8.98,20.19,16.5,0.1991,0.0416,NA,NA,0.1575,56.2339362,108,17.2706279591139,-0.0918623024800601,1.42224693065512,1.51410923313518,0.00251653295727984,-0.00066198470002644,NA,NA,0.00547465103694319,0.903144233459735,-0.228122124438847,0.144498151392677,0.521494907632824,-0.234003720353809,1.81881990003746,-0.0535751512245482,-0.2651803920283,NA,NA,0.00706774882432779,1.34067345205306,-1.23093045684817
"76","LZ168","L002","JZ168","L004",168,"ME236","ME","2H","F","ME2H","ME2H_F",0.1465,0.3121,9,"L",23,"Y",55.56,28.62,34.45,5.83,22.34666667,14.4,0.1929,0.0444,0.0295,0.0766,0.1485,58.80637114,124,-20.5016966937728,0.316437401181475,-2.37073264084219,-2.68717004202367,-0.0222879857835401,-0.00220768360742751,0.00147730785614974,-0.0249945249349046,-0.0129316557175349,-0.918123782272414,0.83728065607292,0.137536430820294,-0.751200997899663,0.867285501187411,0.315937045975797,-0.284794224930492,0.203168977277067,0.39829785420801,-1.00770517066034,-0.420473122680123,1.90339153430462,-0.715949347350468
"77","LZ169","L002","JZ169","L004",169,"ME236","ME","2H","M","ME2H","ME2H_M",0.1555,0.3651,9,"L",23,"Y",55.56,28.62,34.45,5.83,22.34666667,14.4,0.1929,0.0444,0.0295,0.0766,0.1485,58.80637114,124,-20.5016966937728,0.316437401181475,-2.37073264084219,-2.68717004202367,-0.0222879857835401,-0.00220768360742751,0.00147730785614974,-0.0249945249349046,-0.0129316557175349,-0.918123782272414,0.83728065607292,0.137536430820294,-0.751200997899663,0.867285501187411,0.315937045975797,-0.284794224930492,0.203168977277067,0.39829785420801,-1.00770517066034,-0.420473122680123,1.90339153430462,-0.715949347350468
"78","LZ211","L002","JZ211","L004",211,"ME282","ME","2H","M","ME2H","ME2H_M",0.1261,0.3411,7,"N",23,"Y",76.37,26.2,34.25,8.05,20.27,15.5,0.1879,0.042,0.0385,0.0986,0.1459,51.06426296,118,5.26950617939496,0.507549124086348,1.05266190812599,0.545112784039639,-0.00937358829324495,-0.000423185277486131,0.0119328765041766,0.00805891176461248,-0.00746910707083941,0.243758112497237,0.0109105506759724,0.0911249603377248,0.14574659266609,-0.193152188242314,1.10316139810333,-0.471261219854638,-0.19827333927039,1.7503534328058,0.371039904170743,-0.54398493000363,0.209811572420837,-0.909067263412107
"79","LZ214","L002","JZ214","L004",214,"ME282","ME","2H","F","ME2H","ME2H_F",0.1235,0.3665,7,"N",23,"Y",76.37,26.2,34.25,8.05,20.27,15.5,0.1879,0.042,0.0385,0.0986,0.1459,51.06426296,118,5.26950617939496,0.507549124086348,1.05266190812599,0.545112784039639,-0.00937358829324495,-0.000423185277486131,0.0119328765041766,0.00805891176461248,-0.00746910707083941,0.243758112497237,0.0109105506759724,0.0911249603377248,0.14574659266609,-0.193152188242314,1.10316139810333,-0.471261219854638,-0.19827333927039,1.7503534328058,0.371039904170743,-0.54398493000363,0.209811572420837,-0.909067263412107
"80",NA,NA,"JZ067","L001_rd2",67,"ME11","ME","2H","M","ME2H","ME2H_M",0.1387,0.3435,8,"N",23,"Y",73.01,29.25,36.77,7.52,19.615,13.5,0.2256,0.049,0.0291,0.1067,0.1766,47.93434603,118,3.47431575084384,4.38111806907389,4.71551428008329,0.334396211009394,0.033976779445427,0.00789664445046515,0.00299197640606776,0.0196452685992333,-0.0002848739570346,0.0561596902759002,1.05241006367626,0.675909488418084,-0.068389543820329,-0.527624107405186,-0.328155605764916,0.934699921873434,0.972600083993026,0.33820649515922,0.878668772631279,0.914404487239328,-0.474855248523637,-0.909067263412107
"81",NA,NA,"JZ113","L003_rd2",113,"BW30","BW","1N","M","BW1N","BW1N_M",0.1162,0.3253,2,"S",23,"Y",NA,20.98,22.2,1.22,17.8,12.6,0.1402,0.0274,0.0233,0.0738,0.1128,46.78449163,185,NA,-0.313784219938105,-4.24829307122811,-3.93450885129001,-0.0101614398650599,-0.0032863888583265,-0.00420490944532053,-0.0183255055944947,0.00434647560838214,NA,-0.0546908043392613,-1.54971467144627,-1.9231660658555,0.159031773434549,-0.0307947772119543,-0.473808659884799,-0.674241160721386,-0.65146804224017,-0.263344462003734,-0.371934359493409,0.274459493024403,-0.0463632971246068
